-- phpMyAdmin SQL Dump
-- version 4.0.10deb1
-- http://www.phpmyadmin.net
--
-- ホスト: localhost
-- 生成日時: 2015 年 12 月 10 日 16:27
-- サーバのバージョン: 5.5.44-0ubuntu0.14.04.1
-- PHP のバージョン: 5.5.9-1ubuntu4.14

SET FOREIGN_KEY_CHECKS=0;
SET SQL_MODE = "NO_AUTO_VALUE_ON_ZERO";
SET time_zone = "+00:00";


/*!40101 SET @OLD_CHARACTER_SET_CLIENT=@@CHARACTER_SET_CLIENT */;
/*!40101 SET @OLD_CHARACTER_SET_RESULTS=@@CHARACTER_SET_RESULTS */;
/*!40101 SET @OLD_COLLATION_CONNECTION=@@COLLATION_CONNECTION */;
/*!40101 SET NAMES utf8 */;

--
-- データベース: `pointer-management-system`
--

-- --------------------------------------------------------

--
-- テーブルの構造 `admin_user`
--

CREATE TABLE IF NOT EXISTS `admin_user` (
  `id` int(10) unsigned NOT NULL AUTO_INCREMENT COMMENT 'Admin User ID',
  `name` varchar(40) DEFAULT NULL COMMENT 'User Name',
  `kananame` varchar(40) DEFAULT NULL COMMENT 'User Kana Name',
  `email` varchar(128) DEFAULT NULL COMMENT 'User Email',
  `password` varchar(255) DEFAULT NULL COMMENT 'User Password',
  `confirm_code` varchar(255) DEFAULT NULL COMMENT 'Confirm Code',
  `logdate` timestamp NULL DEFAULT NULL COMMENT 'User Last Login Time',
  `created_at` timestamp NULL DEFAULT CURRENT_TIMESTAMP COMMENT 'User Created Time',
  `updated_at` timestamp NULL DEFAULT NULL COMMENT 'User Modified Time',
  `remember_token` varchar(100) DEFAULT NULL,
  PRIMARY KEY (`id`),
  UNIQUE KEY `email` (`email`)
) ENGINE=InnoDB  DEFAULT CHARSET=utf8 COMMENT='Admin User Table' AUTO_INCREMENT=2 ;

--
-- テーブルのデータのダンプ `admin_user`
--

INSERT INTO `admin_user` (`id`, `name`, `kananame`, `email`, `password`, `confirm_code`, `logdate`, `created_at`, `updated_at`, `remember_token`) VALUES
(1, '管理者', 'カンリシャ', 'admin@test.com', '$2y$10$utS7KZMvVgW480kvRPF20.LNl9OvfW9klxcW8AHa23r9y9/qKiEXG', 'q', '2015-07-13 08:12:28', '0000-00-00 00:00:00', '2015-12-09 15:30:40', '662Gr1y6gKqS0dFvpvB4fsr1N4kAdUSF7CFdRcnzqR58K3Jm5LvunMDbA1XG');

-- --------------------------------------------------------

--
-- テーブルの構造 `category`
--

CREATE TABLE IF NOT EXISTS `category` (
  `id` int(10) unsigned NOT NULL AUTO_INCREMENT COMMENT 'Category ID',
  `category_name` varchar(40) DEFAULT NULL COMMENT 'Category Name',
  `pointer_color` varchar(20) DEFAULT NULL,
  `created_at` timestamp NULL DEFAULT NULL COMMENT 'Category Created Time',
  `updated_at` timestamp NULL DEFAULT NULL COMMENT 'Category Updated Time',
  PRIMARY KEY (`id`)
) ENGINE=InnoDB  DEFAULT CHARSET=utf8 COMMENT='Category Table' AUTO_INCREMENT=11 ;

--
-- テーブルのデータのダンプ `category`
--

INSERT INTO `category` (`id`, `category_name`, `pointer_color`, `created_at`, `updated_at`) VALUES
(1, '商店（太鼓）', '#7bd148', '2015-05-26 16:51:41', '2015-11-17 06:42:48'),
(2, '商店（三味線）', '#9fe1e7', '2015-05-26 17:34:48', '2015-11-17 06:43:05'),
(3, '商店（笛）', '#b99aff', '2015-05-26 19:07:33', '2015-11-17 06:43:25'),
(4, '商店（ぽっぺん）', '#b99aff', '2015-11-16 15:00:00', '2015-11-16 15:00:00');

-- --------------------------------------------------------

--
-- テーブルの構造 `group`
--

CREATE TABLE IF NOT EXISTS `group` (
  `id` int(10) unsigned NOT NULL AUTO_INCREMENT COMMENT 'Group ID',
  `created_at` timestamp NOT NULL DEFAULT CURRENT_TIMESTAMP ON UPDATE CURRENT_TIMESTAMP COMMENT 'Group Created Time',
  `updated_at` timestamp NULL DEFAULT NULL COMMENT 'Group Updated Time',
  PRIMARY KEY (`id`)
) ENGINE=InnoDB  DEFAULT CHARSET=utf8 COMMENT='Group Table' AUTO_INCREMENT=40 ;

--
-- テーブルのデータのダンプ `group`
--

INSERT INTO `group` (`id`, `created_at`, `updated_at`) VALUES
(1, '2015-12-10 05:54:49', NULL),
(3, '2015-12-10 05:54:49', NULL),
(4, '2015-12-10 05:54:49', NULL),
(5, '2015-12-10 05:54:49', NULL),
(6, '2015-12-10 05:54:49', NULL),
(7, '2015-12-10 05:54:49', NULL),
(8, '2015-12-10 05:54:49', NULL),
(16, '2015-12-10 05:54:49', NULL),
(17, '2015-12-10 05:54:49', NULL),
(19, '2015-12-10 05:54:49', NULL);

-- --------------------------------------------------------

--
-- テーブルの構造 `password_resets`
--

CREATE TABLE IF NOT EXISTS `password_resets` (
  `email` varchar(128) DEFAULT NULL COMMENT 'Admin User Email',
  `token` varchar(255) DEFAULT NULL COMMENT 'Token',
  `created_at` timestamp NOT NULL DEFAULT CURRENT_TIMESTAMP COMMENT 'Password Reset Time'
) ENGINE=InnoDB DEFAULT CHARSET=utf8 COMMENT='Password Resets Table';

-- --------------------------------------------------------

--
-- テーブルの構造 `pointer`
--

CREATE TABLE IF NOT EXISTS `pointer` (
  `id` int(10) unsigned NOT NULL AUTO_INCREMENT COMMENT 'Pointer ID',
  `group_id` int(10) unsigned NOT NULL DEFAULT '0' COMMENT 'Group ID',
  `pointer_age` int(10) unsigned NOT NULL DEFAULT '0' COMMENT 'Pointer Age',
  `pointer_period` varchar(128) DEFAULT NULL COMMENT 'Category ID',
  `category_id` int(10) unsigned NOT NULL DEFAULT '0' COMMENT 'Category ID',
  `pointer_name` varchar(128) DEFAULT NULL COMMENT 'Pointer Name',
  `pointer_kananame` varchar(128) DEFAULT NULL COMMENT 'Pointer Kana Name',
  `pointer_address` varchar(255) DEFAULT NULL COMMENT 'Pointer Address',
  `pointer_longitude` double DEFAULT NULL COMMENT 'Pointer Position(Logitude)',
  `pointer_latitude` double DEFAULT NULL COMMENT 'Pointer Position(Latitude)',
  `pointer_longlatdisp` varchar(128) DEFAULT '0',
  `pointer_curaddress` varchar(255) DEFAULT NULL COMMENT 'Pointer Current Address',
  `pointer_comment` text COMMENT 'Pointer Comment',
  `pointer_extra` text COMMENT 'Pointer Extra',
  `pointer_show` smallint(5) unsigned NOT NULL DEFAULT '0' COMMENT 'Flag if pointer show',
  `created_at` timestamp NOT NULL DEFAULT CURRENT_TIMESTAMP ON UPDATE CURRENT_TIMESTAMP COMMENT 'Pointer Created Time',
  `updated_at` timestamp NULL DEFAULT NULL COMMENT 'Pointer Modified Time',
  PRIMARY KEY (`id`),
  KEY `FK_pointer` (`group_id`),
  KEY `FK_pointer2` (`category_id`)
) ENGINE=InnoDB  DEFAULT CHARSET=utf8 COMMENT='Pointer Table' AUTO_INCREMENT=123 ;

--
-- テーブルのデータのダンプ `pointer`
--

INSERT INTO `pointer` (`id`, `group_id`, `pointer_age`, `pointer_period`, `category_id`, `pointer_name`, `pointer_kananame`, `pointer_address`, `pointer_longitude`, `pointer_latitude`, `pointer_longlatdisp`, `pointer_curaddress`, `pointer_comment`, `pointer_extra`, `pointer_show`, `created_at`, `updated_at`) VALUES
(1, 19, 1, '元禄二年-現在', 1, '有限会社南部屋五郎右衛門', 'ゆうげんがいしゃなんぶやごろうえもん', '浅草新町', 6163881.960916612, 4715858.89708223, '', '東京都台東区今戸2丁目', '\n                                                    \n                                                ', '', 1, '2015-12-10 06:57:45', '2015-12-10 06:57:45'),
(2, 19, 2, '元禄二年-現在', 1, '有限会社南部屋五郎右衛門', 'ゆうげんがいしゃなんぶやごろうえもん', '東京市浅草区亀岡町２丁目', 19567.879241004586, -14675.909430754371, '138.21041｜34.89752', '東京都台東区今戸2丁目', '<strong>石渡司郎氏（十三代目、1941年生）談：</strong><div>元禄2年（1689）より、浅草新町（現・今戸）に太鼓店を開業。江戸時代から浅草を本拠地とする、東京で唯一の太鼓店である。革の張り替え依頼を受けた際、胴の内側に「南部屋五郎右衛門」という署名や日付（天保15年（1844）、明治17年（1884）など）を発見し、代々家業が受け継がれてきたことを実感したという。また、太鼓の表面の焼き印「南五」や、残されていた大正期の納品書（獅子、おかめ、ひょっとこ、太鼓類、能楽器、毛皮を購入）などからも、店の歴史が読み取れる。昭和10年（1935）頃からは神輿も取扱い始め、以降、太鼓と御輿の製造・販売を手掛ける。十三代目司郎氏は、大学卒業後、22歳から十二代目（父）につき太鼓製作の修行を始めた。<br>また、太鼓の表面の焼き印「南五」や、残されていた大正期の納品書（獅子、おかめ、ひょっとこ、太鼓類、能楽器、毛皮を購入）などからも、店の歴史が読み取れる。昭和10年（1935）頃からは神輿も取扱い始め、以降、太鼓と御輿の製造・販売を手掛ける。十三代目司郎氏は、大学卒業後、22歳から十二代目（父）につき太鼓製作の修行を始めた。<br>現在は、十四代目石渡浩司氏（次男・1971年生）をはじめ、後継者の育成に努めている。</div><br><strong>所在地について：</strong><div>店舗と工房は、江戸時代に浅草新町にあり。明治期は行政地域名変更にともない、東京市浅草区亀岡町２丁目となる。大正期に浅草区吉野町１丁目（現：今戸1-9-1）に移転。昭和51年に、店舗を元浅草2丁目10-10に開いた。<br>TEL03-3843-3335</div>', '', 1, '2015-12-10 07:12:56', '2015-12-10 07:12:56'),
(3, 3, 2, '明治末-現在', 2, '菊岡三絃店 ', 'きくおかさんげんてん', '東京都台東区根岸3-12-12', 4304933.433021128, 6868325.613592794, '138.20806｜34.89427', '東京都台東区根岸3-12-12', '<strong>堀込敏雄氏(三代目、1938年生)談：</strong><div>明治末期に旧浅草区清島町(現元浅草)界隈で堀込栄吉氏(祖父)が開業。後に上野稲荷町に店を構え、三味線と箏を製造販売した。戦後、歌舞伎関係者など多くの顧客から三味線の依頼が殺到し、箏の製作は取りやめた。<br>昭和35年(1960)、敏雄氏は大阪の中島楽器で修行を始める。当時、同店から全国の邦楽器店や問屋が紅木を仕入れた 関係で、修行時代に木材選別の目を養う。昭和37年(1962)に東京に戻り、実父のもとで仕事を始めたころ、店 は 7 〜 8 名の従業員を抱えていた。最盛期の昭和40〜55年を過ぎると、三味線の需要が減った。<br>敏雄氏は、約50年にわたり三味線胴作製の全工程および三味線修理に携わってきた。三味線の製作では、演奏者の年齢や用途に応じた素材選びを心掛けてきた、という。高齢者用の胴には軽い素材を使い、若手のプロの演奏家用には胴の革を堅く張るほか、棹の太さにより胴の重さを指定し、その調整はとてもデリケートである。 祖父、父、息子の四代にわたり家業を受け継ぎ、現在、次男の泰成氏（四代目、1972年生）が製作の中心である。</div><strong>菊岡三絃店:</strong><div>〒 110-0003 東京都台東区根岸 3 丁目 12-12 TEL 03-3873-2087</div>', '', 1, '2015-12-10 06:27:42', '2015-12-10 06:27:42'),
(4, 4, 2, '天保6年-現在', 1, '岡田屋布施（店舗）', 'おかだやふせ', '浅草区浅草田原町2', NULL, NULL, '0', '東京都台東区雷門1-16-5', '<strong>布施義浩氏(七代目、1977年生)談：</strong><div>初代太蔵氏は、もともと神田で道具屋・ 古物商を営む 岡田屋の番頭であった。同屋の娘との結婚、のれん分けを機に独立(天保 6 年(1835)創業)。当初は楽器を扱わなかったが、劇場や芸者が多い浅草の土地柄、鼓の売買に関わる頻度が高まった。また皮業者と楽器製作業者を仲介し たため、初代太蔵氏は楽器の製造販売にも着手する。<br>三代目浪造氏は、鳴り物を中心とする楽器製造に専念し、 楽器職人を雇って製作販売を行った。特に明治から大正期にかけては、華族などが良質の古い鼓を多数売りに出し、それを芸者や多くの邦楽好事家が買い求めたため、 固定客が増えた。また、大正時代から「江戸神輿」の定着に伴い、神輿の販売も始めた。<br>商才に長けた四代目浪造氏は、事業を拡張し、扱う楽器の種類も増した。<br>五代目義王氏の代には、東京大空襲で、店の沿革資料や過去帳など含めて店が全焼する不運に見舞われた。しかし家業を現在の規模にまで盛り返し、仏壇販売にも手を広げ た。さらに、懇意の歌舞伎鳴り物奏者とともに、数多くの楽器を試作した。<br>六代目を経て現在は七代目が店を仕切り、店舗は浅草の雷門1丁目交差点に位置する。長胴太鼓や鳴物の一部を自社製作する一方、他社製品の仕入れ販売を行う。販売品目は、太鼓類、篠笛、当鉦、チャッパほか全75種類に及ぶ。</div>', NULL, 1, '2015-11-16 21:34:54', NULL),
(5, 5, 2, '天保6年-現在', 1, '岡田屋布施（工場）', 'おかだやふせ', '浅草区浅草今戸2-2', NULL, NULL, '0', '東京都台東区雷門1-8', '<strong>布施義浩氏(七代目、1977年生)談：</strong><div>初代太蔵氏は、もともと神田で道具屋・ 古物商を営む 岡田屋の番頭であった。同屋の娘との結婚、のれん分けを機に独立(天保 6 年(1835)創業)。当初は楽器を扱わなかったが、劇場や芸者が多い浅草の土地柄、鼓の売買に関わる頻度が高まった。また皮業者と楽器製作業者を仲介し たため、初代太蔵氏は楽器の製造販売にも着手する。<br>三代目浪造氏は、鳴り物を中心とする楽器製造に専念し、 楽器職人を雇って製作販売を行った。特に明治から大正期にかけては、華族などが良質の古い鼓を多数売りに出し、それを芸者や多くの邦楽好事家が買い求めたため、 固定客が増えた。また、大正時代から「江戸神輿」の定着に伴い、神輿の販売も始めた。<br>商才に長けた四代目浪造氏は、事業を拡張し、扱う楽器の種類も増した。<br>五代目義王氏の代には、東京大空襲で、店の沿革資料や過去帳など含めて店が全焼する不運に見舞われた。しかし家業を現在の規模にまで盛り返し、仏壇販売にも手を広げ た。さらに、懇意の歌舞伎鳴り物奏者とともに、数多くの楽器を試作した。<br>六代目を経て現在は七代目が店を仕切り、店舗は浅草の雷門1丁目交差点に位置する。長胴太鼓や鳴物の一部を自社製作する一方、他社製品の仕入れ販売を行う。販売品目は、太鼓類、篠笛、当鉦、チャッパほか全75種類に及ぶ。</div>', NULL, 1, '2015-11-16 21:34:54', NULL),
(6, 6, 2, '明治26年-現在', 1, '宮本卯之助商店（本店）', 'みやもとうのすけしょうてん（ほんてん）', '浅草区浅草聖天町', NULL, NULL, '0', '東京都台東区浅草6-1-15', '<div>明治26年に、4代卯之助が浅草聖天町に店を構える。（文久元年に土浦で初代清助が太鼓店を創業し、山城屋と号していた。）<br>大正15年に、大正天皇御大葬用楽器一式謹製する。それ以来、宮内庁御用を賜る。<br>昭和23年に、浅草田島町に現在の西浅草店を開く。昭和39年の東京オリンピックでは、開会式の大火焔太鼓を謹製した。<br>現在は、太鼓、神輿の製作・販売を行う。販売品目は、太鼓類、篠笛、当鉦をはじめ、御輿等、祭礼関連全般に及ぶ。</div><strong>所在地について：</strong><div>本社：東京都台東区浅草6丁目1番15号、西浅草店：東京都台東区西浅草2丁目1番1号、ほかに、太鼓館（展示スペース）、スタジオ等を備える。</div>', NULL, 1, '2015-11-16 21:34:52', NULL),
(7, 7, 2, '明治26年-現在', 1, '宮本卯之助商店（西浅草店）', 'みやもとうのすけしょうてん（にしあさくさてん）', 'なし', NULL, NULL, '0', 'なし', '<div>明治26年に、4代卯之助が浅草聖天町に店を構える。（文久元年に土浦で初代清助が太鼓店を創業し、山城屋と号していた。）<br>大正15年に、大正天皇御大葬用楽器一式謹製する。それ以来、宮内庁御用を賜る。<br>昭和23年に、浅草田島町に現在の西浅草店を開く。昭和39年の東京オリンピックでは、開会式の大火焔太鼓を謹製した。<br>現在は、太鼓、神輿の製作・販売を行う。販売品目は、太鼓類、篠笛、当鉦をはじめ、御輿等、祭礼関連全般に及ぶ。</div><strong>所在地について：</strong><div>本社：東京都台東区浅草6丁目1番15号、西浅草店：東京都台東区西浅草2丁目1番1号、ほかに、太鼓館（展示スペース）、スタジオ等を備える。</div>', NULL, 1, '2015-11-16 21:34:51', NULL),
(8, 8, 2, '大正13年-現在', 3, '大塚竹管楽器', 'おおつかちくかんがっき', '東京市台東区浅草桂町9-9（永久町）', NULL, NULL, '0', '東京市台東区浅草蔵前4', '<strong>大塚義政氏(三代目、印号「竹峰」、1949年生)、大塚敦氏(四代目、印号「竹渓」、1978年生)談：</strong><div>大正3年(1914)に初代中村甚五郎氏(印号「甚」)が獅子田流笛師新山氏に師事。<br>初代は、大正13年(1924)に獅子田流の篠笛製作を継承し、台東区蔵前で篠笛製作・販売店「中甚」を立ち上げる。<br>昭和3年(1928)、二代目伊東忠一氏(印 号「竹水」)は義兄の初代甚五郎氏に弟子入り。<br>戦後は、初代と二代目が、拠点を足立区内に移して製作を継続した。 <br>昭和53年(1978)に三代目義政氏が二代目忠一氏に弟子入り。<br>平成8(1996)年には、四代目敦氏が三代目義政氏に 弟子入り。<br>現在、西新井に本社を、入谷に工房を構える。伝統に基づく篠笛製作法により、祭り囃子などに用いる 獅子田の名を冠した古典調の篠笛を製作する。邦楽器との合奏用と、洋楽器との合奏が可能なドレミ調(十二平均率) の篠笛も製作、販売している。なお、印号「竹峰」と「竹渓」はブランド化され、商標登録されている。</div>', NULL, 1, '2015-11-16 21:34:49', NULL),
(9, 19, 3, '元禄二年-現在', 1, '有限会社南部屋五郎右衛門', 'ゆうげんがいしゃなんぶやごろうえもん', '東京都台東区今戸1-9-1', -7279251.077653905, 1320831.848767843, '138.21441｜34.89678', ' 東京都台東区今戸1-9-1', '<strong>石渡司郎氏（十三代目、1941年生）談：</strong><div>元禄2年（1689）より、浅草新町（現・今戸）に太鼓店を開業。江戸時代から浅草を本拠地とする、東京で唯一の太鼓店である。革の張り替え依頼を受けた際、胴の内側に「南部屋五郎右衛門」という署名や日付（天保15年（1844）、明治17年（1884）など）を発見し、代々家業が受け継がれてきたことを実感したという。また、太鼓の表面の焼き印「南五」や、残されていた大正期の納品書（獅子、おかめ、ひょっとこ、太鼓類、能楽器、毛皮を購入）などからも、店の歴史が読み取れる。昭和10年（1935）頃からは神輿も取扱い始め、以降、太鼓と御輿の製造・販売を手掛ける。十三代目司郎氏は、大学卒業後、22歳から十二代目（父）につき太鼓製作の修行を始めた。<br>また、太鼓の表面の焼き印「南五」や、残されていた大正期の納品書（獅子、おかめ、ひょっとこ、太鼓類、能楽器、毛皮を購入）などからも、店の歴史が読み取れる。昭和10年（1935）頃からは神輿も取扱い始め、以降、太鼓と御輿の製造・販売を手掛ける。十三代目司郎氏は、大学卒業後、22歳から十二代目（父）につき太鼓製作の修行を始めた。<br>現在は、十四代目石渡浩司氏（次男・1971年生）をはじめ、後継者の育成に努めている。</div><strong>所在地について：</strong><div>店舗と工房は、江戸時代に浅草新町にあり。明治期は行政地域名変更にともない、東京市浅草区亀岡町２丁目となる。大正期に浅草区吉野町１丁目（現：今戸1-9-1）に移転。昭和51年に、店舗を元浅草2丁目10-10に開いた。<br>TEL 03-3843-3335</div>', '', 1, '2015-12-10 07:00:02', '2015-12-10 07:00:02'),
(10, 1, 3, '元禄二年-現在', 1, '有限会社南部屋五郎右衛門', 'ゆうげんがいしゃなんぶやごろうえもん', '東京都台東区元浅草2丁目10-10', 4109254.640611075, 1467590.9430753812, '138.20817｜34.89670', ' 東京都台東区元浅草2丁目10-10', '<div>石渡司郎氏(十三代目、1941 年生)談 元禄 2 年(1689)より、浅草新町(現・今戸)に太鼓店を開業。江戸時代から浅草を本拠地とする、東京で唯一の太 鼓店である。革の張り替え依頼を受けた際、胴の内側に「南部屋五郎右衛門」という署名や日付(天保 15 年(1844)、 明治 17 年(1884)など)を発見し、代々家業が受け継がれてきたことを実感した、という。また、太鼓の表面の焼き印「南 五」や、残されていた大正期の納品書(獅子、おかめ、ひょっとこ、太鼓類、能楽器、毛皮を購入)などからも、店の歴史が 読み取れる。昭和 10 年(1935)頃からは神輿も取扱い始め、以降、太鼓と御輿の製造・販売を手掛ける。十三代目 司郎氏は、大学卒業後、22 歳から十二代目(父)につき太鼓製作の修行を始めた。現在は、十四代目石渡浩司氏(次 男・1971 年生)をはじめ、後継者の育成に努めている。</div>', '', 1, '2015-12-10 07:20:31', '2015-12-10 07:20:31'),
(11, 3, 3, '明治末-現在', 2, '菊岡三絃店 ', 'きくおかさんげんてん', '東京都台東区根岸3-12-12', -5537709.825204451, 4481044.346190169, '138.21346｜34.89520', '東京都台東区根岸3-12-12', '<strong>堀込敏雄氏(三代目、1938年生)談：</strong><div>明治末期に旧浅草区清島町(現元浅草)界隈で堀込栄吉氏(祖父)が開業。後に上野稲荷町に店を構え、三味線と箏を製造販売した。戦後、歌舞伎関係者など多くの顧客から三味線の依頼が殺到し、箏の製作は取りやめた。<br>昭和35年(1960)、敏雄氏は大阪の中島楽器で修行を始める。当時、同店から全国の邦楽器店や問屋が紅木を仕入れた 関係で、修行時代に木材選別の目を養う。昭和37年(1962)に東京に戻り、実父のもとで仕事を始めたころ、店 は 7 〜 8 名の従業員を抱えていた。最盛期の昭和40〜55年を過ぎると、三味線の需要が減った。<br>敏雄氏は、約50年にわたり三味線胴作製の全工程および三味線修理に携わってきた。三味線の製作では、演奏者の年齢や用途に応じた素材選びを心掛けてきた、という。高齢者用の胴には軽い素材を使い、若手のプロの演奏家用には胴の革を堅く張るほか、棹の太さにより胴の重さを指定し、その調整はとてもデリケートである。 祖父、父、息子の四代にわたり家業を受け継ぎ、現在、次男の泰成氏（四代目、1972年生）が製作の中心である。</div><strong>菊岡三絃店:</strong><div>〒 110-0003 東京都台東区根岸 3 丁目 12-12 TEL 03-3873-2087</div>', '', 1, '2015-12-10 07:20:00', '2015-12-10 07:20:00'),
(12, 4, 3, '天保6年-現在', 1, '岡田屋布施（店舗）', 'おかだやふせ', '東京都台東区雷門1-16-5', NULL, NULL, '0', '東京都台東区雷門1-16-5', '<strong>布施義浩氏(七代目、1977年生)談：</strong><div>初代太蔵氏は、もともと神田で道具屋・ 古物商を営む 岡田屋の番頭であった。同屋の娘との結婚、のれん分けを機に独立(天保 6 年(1835)創業)。当初は楽器を扱わなかったが、劇場や芸者が多い浅草の土地柄、鼓の売買に関わる頻度が高まった。また皮業者と楽器製作業者を仲介し たため、初代太蔵氏は楽器の製造販売にも着手する。<br>三代目浪造氏は、鳴り物を中心とする楽器製造に専念し、 楽器職人を雇って製作販売を行った。特に明治から大正期にかけては、華族などが良質の古い鼓を多数売りに出し、それを芸者や多くの邦楽好事家が買い求めたため、 固定客が増えた。また、大正時代から「江戸神輿」の定着に伴い、神輿の販売も始めた。<br>商才に長けた四代目浪造氏は、事業を拡張し、扱う楽器の種類も増した。<br>五代目義王氏の代には、東京大空襲で、店の沿革資料や過去帳など含めて店が全焼する不運に見舞われた。しかし家業を現在の規模にまで盛り返し、仏壇販売にも手を広げ た。さらに、懇意の歌舞伎鳴り物奏者とともに、数多くの楽器を試作した。<br>六代目を経て現在は七代目が店を仕切り、店舗は浅草の雷門1丁目交差点に位置する。長胴太鼓や鳴物の一部を自社製作する一方、他社製品の仕入れ販売を行う。販売品目は、太鼓類、篠笛、当鉦、チャッパほか全75種類に及ぶ。</div>', NULL, 1, '2015-11-16 21:34:43', NULL),
(13, 5, 3, '天保6年-現在', 1, '岡田屋布施（工場）', 'おかだやふせ', '東京都台東区雷門1-8', NULL, NULL, '0', '東京都台東区雷門1-8', '<strong>布施義浩氏(七代目、1977年生)談：</strong><div>初代太蔵氏は、もともと神田で道具屋・ 古物商を営む 岡田屋の番頭であった。同屋の娘との結婚、のれん分けを機に独立(天保 6 年(1835)創業)。当初は楽器を扱わなかったが、劇場や芸者が多い浅草の土地柄、鼓の売買に関わる頻度が高まった。また皮業者と楽器製作業者を仲介し たため、初代太蔵氏は楽器の製造販売にも着手する。<br>三代目浪造氏は、鳴り物を中心とする楽器製造に専念し、 楽器職人を雇って製作販売を行った。特に明治から大正期にかけては、華族などが良質の古い鼓を多数売りに出し、それを芸者や多くの邦楽好事家が買い求めたため、 固定客が増えた。また、大正時代から「江戸神輿」の定着に伴い、神輿の販売も始めた。<br>商才に長けた四代目浪造氏は、事業を拡張し、扱う楽器の種類も増した。<br>五代目義王氏の代には、東京大空襲で、店の沿革資料や過去帳など含めて店が全焼する不運に見舞われた。しかし家業を現在の規模にまで盛り返し、仏壇販売にも手を広げ た。さらに、懇意の歌舞伎鳴り物奏者とともに、数多くの楽器を試作した。<br?六代目を経て現在は七代目が店を仕切り、店舗は浅草の雷門1丁目交差点に位置する。長胴太鼓や鳴物の一部を自社製作する一方、他社製品の仕入れ販売を行う。販売品目は、太鼓類、篠笛、当鉦、チャッパほか全75種類に及ぶ。</div>', NULL, 1, '2015-11-16 21:34:42', NULL),
(14, 6, 3, '昭和37年-現在', 1, '宮本卯之助商店', 'みやもとうのすけしょうてん', '東京都台東区浅草6-1-15', NULL, NULL, '0', '東京都台東区浅草6-1-15', '<div>明治26年に、4代卯之助が浅草聖天町に店を構える。（文久元年に土浦で初代清助が太鼓店を創業し、山城屋と号していた。）<br>大正15年に、大正天皇御大葬用楽器一式謹製する。それ以来、宮内庁御用を賜る。<br>昭和23年に、浅草田島町に現在の西浅草店を開く。昭和39年の東京オリンピックでは、開会式の大火焔太鼓を謹製した。<br>現在は、太鼓、神輿の製作・販売を行う。販売品目は、太鼓類、篠笛、当鉦をはじめ、御輿等、祭礼関連全般に及ぶ。</div><strong>所在地について：</strong><div>本社：東京都台東区浅草6丁目1番15号、西浅草店：東京都台東区西浅草2丁目1番1号、ほかに、太鼓館（展示スペース）、スタジオ等を備える。</div>', NULL, 1, '2015-11-16 21:34:41', NULL),
(15, 6, 3, '昭和37年-現在', 1, '宮本卯之助商店', 'みやもとうのすけしょうてん', '東京都台東区西浅草2-1-1', NULL, NULL, '0', '東京都台東区西浅草2-1-1', '<div>明治26年に、4代卯之助が浅草聖天町に店を構える。（文久元年に土浦で初代清助が太鼓店を創業し、山城屋と号していた。）<br>大正15年に、大正天皇御大葬用楽器一式謹製する。それ以来、宮内庁御用を賜る。<br>昭和23年に、浅草田島町に現在の西浅草店を開く。昭和39年の東京オリンピックでは、開会式の大火焔太鼓を謹製した。<br>現在は、太鼓、神輿の製作・販売を行う。販売品目は、太鼓類、篠笛、当鉦をはじめ、御輿等、祭礼関連全般に及ぶ。</div><strong>所在地について：</strong><div>本社：東京都台東区浅草6丁目1番15号、西浅草店：東京都台東区西浅草2丁目1番1号、ほかに、太鼓館（展示スペース）、スタジオ等を備える。</div>', NULL, 1, '2015-11-16 21:34:40', NULL),
(16, 16, 3, '昭和初期-現在', 3, '小倉楽器店', 'おぐらがっきてん', '東京都台東区花川戸1丁目7-7', NULL, NULL, '0', '東京都台東区花川戸1丁目7-7', '<div>大正末か昭和初め頃、舅（初代 明治32年生）が新潟より上京し、浅草で笛の製造を始める。<br>夫（生年不詳）は17歳の時（昭和15-6年）に養子に入り製造業を継ぐ。<br>実家は千葉富津で竹材を浅草に卸していた。３人兄弟の次男。手先の器用さが見込まれて、養子となる。<br>戦後、舅に笛の製造を任され、職人と二人で縦笛と横笛の製作に従事。すべてを手作業で行っていた。<br>学校でストーブを使用すようになると、乾燥で竹製の笛に割れが生じる。以後、竹製の笛の製造が中止となる。<br>一方、昭和30年代以降は、戦後の回復が進み、各地で祭礼が再開し、横笛の売行きは増加したという。現在は小売のみを行っている。</div>', NULL, 1, '2015-11-16 21:34:39', NULL),
(17, 17, 3, '昭和初期-現在', 3, '小倉楽器店', 'おぐらがっきてん', '東京都台東区花川戸1丁目7-7', NULL, NULL, '0', '東京都台東区花川戸1丁目7-7', '<div>大正末か昭和初め頃、舅（初代 明治32年生）が新潟より上京し、浅草で笛の製造を始める。<br>夫（生年不詳）は17歳の時（昭和15-6年）に養子に入り製造業を継ぐ。<br>実家は千葉富津で竹材を浅草に卸していた。３人兄弟の次男。手先の器用さが見込まれて、養子となる。<br>戦後、舅に笛の製造を任され、職人と二人で縦笛と横笛の製作に従事。すべてを手作業で行っていた。<br>学校でストーブを使用すようになると、乾燥で竹製の笛に割れが生じる。以後、竹製の笛の製造が中止となる。<br>一方、昭和30年代以降は、戦後の回復が進み、各地で祭礼が再開し、横笛の売行きは増加したという。現在は小売のみを行っている。</div>', NULL, 1, '2015-11-16 21:34:38', NULL),
(18, 8, 3, '大正13年-現在', 3, '大塚竹管楽器', 'おおつかちくかんがっき', '台東区から足立区に移転', NULL, NULL, '0', '台東区から足立区移転', '<strong>大塚義政氏(三代目、印号「竹峰」、1949 年生)、大塚敦氏(四代目、印号「竹渓」、1978 年生)談</strong><div>大正 3 年(1914)に初代中村甚五郎氏(印号「甚」)が獅子田流笛師新山氏に師事。初代は、大正 13 年(1924)に獅子田 流の篠笛製作を継承し、台東区蔵前で篠笛製作・販売店「中甚」を立ち上げる。昭和 3 年(1928)、二代目伊東忠一氏(印 号「竹水」)は義兄の初代甚五郎氏に弟子入り。戦後は、初代と二代目が、拠点を足立区内に移して製作を継続した。 昭和 53 年(1978)に三代目義政氏が二代目忠一氏に弟子入り。平成 8(1996)年には、四代目敦氏が三代目義政氏に 弟子入り。現在、西新井に本社を、入谷に工房を構える。伝統に基づく篠笛製作法により、祭り囃子などに用いる 獅子田の名を冠した古典調の篠笛を製作する。邦楽器との合奏用と、洋楽器との合奏が可能なドレミ調(十二平均率) の篠笛も製作、販売している。なお、印号「竹峰」と「竹渓」はブランド化され、商標登録されている。</div>', NULL, 1, '2015-11-16 21:34:35', NULL),
(19, 19, 3, '平成2年-現在', 4, '篠原まるよし風鈴', 'しのはらまるよしふうりん', '東京都台東区台東4-25-10', 890338.5054657308, 7885855.334125061, '138.20994｜34.89395', '東京都台東区台東4-25-10', '<strong>篠原正義氏(1956 年生)談：</strong><div>「篠原風鈴本舗」(父・篠原儀治氏)のもとで、中学生の頃(1960年代後半)から江戸風鈴作りを手伝う。大学卒業後に就職した会社を退職し、昭和 55 年(1980)から風鈴作りに従事。 平成2年(1990)に「篠原まるよし風鈴」として独立し、江 戸川区に工房を開く。平成15年(2003)、台東区の佐竹商店街内に製品の販売もできる工房をめざし移転。江戸時代中期より代々伝わるガラス風鈴製造業の後継者として、風鈴、ビードロ製作の技術を継承しながら、若手の技術制作者の育成にも力を注ぐ。また、工房に来た修学旅行生らが製作体験できる教室を開設するなど、伝統工芸の魅力の発信にも意欲的である。国外への伝統文化普及活動にも努めた父(平成16年度名誉都民)に倣い、世界各地に赴き、日本文化の普及に尽力している。</div>', '', 1, '2015-12-10 07:18:28', '2015-12-10 07:18:28');

-- --------------------------------------------------------

--
-- テーブルの構造 `pointer_photo`
--

CREATE TABLE IF NOT EXISTS `pointer_photo` (
  `id` int(10) unsigned NOT NULL AUTO_INCREMENT COMMENT 'Pointer Photo ID',
  `pointer_id` int(10) unsigned NOT NULL DEFAULT '0' COMMENT 'Pointer ID for This Photo',
  `photo_name` varchar(255) DEFAULT NULL COMMENT 'Photo Name',
  `photo_comment` text COMMENT 'Photo Comment',
  `created_at` timestamp NOT NULL DEFAULT CURRENT_TIMESTAMP ON UPDATE CURRENT_TIMESTAMP COMMENT 'Photo Created Time',
  `updated_at` timestamp NULL DEFAULT NULL COMMENT 'Photo Modified Time',
  PRIMARY KEY (`id`),
  KEY `FK_pointer_photo` (`pointer_id`)
) ENGINE=InnoDB DEFAULT CHARSET=utf8 COMMENT='Pointer Photo Table' AUTO_INCREMENT=1 ;

--
-- ダンプしたテーブルの制約
--

--
-- テーブルの制約 `pointer`
--
ALTER TABLE `pointer`
  ADD CONSTRAINT `FK_pointer` FOREIGN KEY (`group_id`) REFERENCES `group` (`id`) ON DELETE CASCADE,
  ADD CONSTRAINT `FK_pointer2` FOREIGN KEY (`category_id`) REFERENCES `category` (`id`) ON DELETE CASCADE;

--
-- テーブルの制約 `pointer_photo`
--
ALTER TABLE `pointer_photo`
  ADD CONSTRAINT `FK_pointer_photo` FOREIGN KEY (`pointer_id`) REFERENCES `pointer` (`id`) ON DELETE CASCADE;
SET FOREIGN_KEY_CHECKS=1;

/*!40101 SET CHARACTER_SET_CLIENT=@OLD_CHARACTER_SET_CLIENT */;
/*!40101 SET CHARACTER_SET_RESULTS=@OLD_CHARACTER_SET_RESULTS */;
/*!40101 SET COLLATION_CONNECTION=@OLD_COLLATION_CONNECTION */;
